task_id,category,difficulty,task_group,label_basis
501,place_relative,simple,group_24780f0bdec8b379,structural-v1
502,place_relative,simple,group_24780f0bdec8b379,structural-v1
503,place_relative,simple,group_24780f0bdec8b379,structural-v1
504,place_relative,simple,group_24780f0bdec8b379,structural-v1
505,place_relative,simple,group_24780f0bdec8b379,structural-v1
506,place_relative,simple,group_24780f0bdec8b379,structural-v1
507,place_relative,simple,group_e7d47bd3a7364f9c,structural-v1
508,place_relative,simple,group_e7d47bd3a7364f9c,structural-v1
509,place_relative,simple,group_e7d47bd3a7364f9c,structural-v1
510,place_relative,simple,group_e7d47bd3a7364f9c,structural-v1
511,place_relative,simple,group_e7d47bd3a7364f9c,structural-v1
512,place_relative,simple,group_e7d47bd3a7364f9c,structural-v1
513,place_relative,simple,group_234926270f78292f,structural-v1
514,place_relative,simple,group_234926270f78292f,structural-v1
515,place_relative,simple,group_234926270f78292f,structural-v1
516,place_relative,simple,group_234926270f78292f,structural-v1
517,place_relative,simple,group_234926270f78292f,structural-v1
518,place_relative,simple,group_234926270f78292f,structural-v1
519,place_relative,simple,group_b56ab1599e8eeedb,structural-v1
520,place_relative,simple,group_b56ab1599e8eeedb,structural-v1
521,place_relative,simple,group_b56ab1599e8eeedb,structural-v1
522,place_relative,simple,group_b56ab1599e8eeedb,structural-v1
523,rearrange_sort,compound,group_b56ab1599e8eeedb,structural-v1
524,rearrange_sort,compound,group_b56ab1599e8eeedb,structural-v1
525,place_relative,simple,group_993d1f5925661223,structural-v1
526,place_relative,simple,group_993d1f5925661223,structural-v1
527,place_relative,simple,group_993d1f5925661223,structural-v1
528,place_relative,simple,group_993d1f5925661223,structural-v1
529,place_relative,simple,group_993d1f5925661223,structural-v1
530,rearrange_sort,compound,group_993d1f5925661223,structural-v1
531,rearrange_sort,compound,group_42023e931c3d5bde,structural-v1
532,rearrange_sort,compound,group_42023e931c3d5bde,structural-v1
533,rearrange_sort,compound,group_42023e931c3d5bde,structural-v1
534,rearrange_sort,compound,group_42023e931c3d5bde,structural-v1
535,rearrange_sort,compound,group_42023e931c3d5bde,structural-v1
536,rearrange_sort,compound,group_42023e931c3d5bde,structural-v1
550,place_relative,simple,group_f2337b421be3d1ee,structural-v1
551,place_relative,simple,group_384f41af2d5980ef,structural-v1
552,place_relative,simple,group_471319b982aeb7bb,structural-v1
553,place_relative,simple,group_7bcd2f2a3cf02577,structural-v1
554,place_relative,simple,group_1e5da05761b74746,structural-v1
555,place_relative,simple,group_1d7edc98ce214a79,structural-v1
556,rearrange_sort,compound,group_574f19a3279a0080,structural-v1
557,rearrange_sort,compound,group_ef0f650c6c24f1c7,structural-v1
637,place_relative,simple,group_47c34ba63d2598ec,structural-v1
638,place_relative,simple,group_47c34ba63d2598ec,structural-v1
639,place_relative,simple,group_47c34ba63d2598ec,structural-v1
640,place_relative,simple,group_47c34ba63d2598ec,structural-v1
641,rearrange_sort,compound,group_47c34ba63d2598ec,structural-v1
642,rearrange_sort,compound,group_47c34ba63d2598ec,structural-v1
649,insert_contain,constrained,group_8ebc1f0dcbec16fe,structural-v1
650,place_relative,simple,group_8ebc1f0dcbec16fe,structural-v1
651,place_relative,simple,group_8ebc1f0dcbec16fe,structural-v1
652,place_relative,simple,group_8ebc1f0dcbec16fe,structural-v1
653,place_relative,simple,group_8ebc1f0dcbec16fe,structural-v1
654,place_relative,simple,group_8ebc1f0dcbec16fe,structural-v1
661,place_relative,simple,group_09354764da3e0c4f,structural-v1
662,place_relative,simple,group_09354764da3e0c4f,structural-v1
663,place_relative,simple,group_09354764da3e0c4f,structural-v1
664,place_relative,simple,group_09354764da3e0c4f,structural-v1
665,rearrange_sort,compound,group_09354764da3e0c4f,structural-v1
666,rearrange_sort,compound,group_09354764da3e0c4f,structural-v1
667,insert_contain,constrained,group_d10752e81efb3a41,structural-v1
668,place_relative,simple,group_d10752e81efb3a41,structural-v1
669,place_relative,simple,group_d10752e81efb3a41,structural-v1
670,rearrange_sort,compound,group_d10752e81efb3a41,structural-v1
671,place_relative,compound,group_d10752e81efb3a41,structural-v1
672,rearrange_sort,compound,group_d10752e81efb3a41,structural-v1
674,rearrange_sort,compound,group_fd37ba8b38a71864,structural-v1
675,rearrange_sort,compound,group_fd37ba8b38a71864,structural-v1
676,rearrange_sort,compound,group_fd37ba8b38a71864,structural-v1
677,rearrange_sort,compound,group_fd37ba8b38a71864,structural-v1
678,rotate_orient,constrained,group_fd37ba8b38a71864,structural-v1
679,rotate_orient,constrained,group_fd37ba8b38a71864,structural-v1
680,place_relative,simple,group_e020e30c807b9ba5,structural-v1
681,place_relative,simple,group_e020e30c807b9ba5,structural-v1
682,place_relative,compound,group_e020e30c807b9ba5,structural-v1
683,rearrange_sort,compound,group_e020e30c807b9ba5,structural-v1
684,rearrange_sort,compound,group_e020e30c807b9ba5,structural-v1
685,rearrange_sort,compound,group_e020e30c807b9ba5,structural-v1
694,place_relative,simple,group_71ebdd2fbc11ac38,structural-v1
695,place_relative,simple,group_71ebdd2fbc11ac38,structural-v1
696,place_relative,simple,group_71ebdd2fbc11ac38,structural-v1
697,place_relative,simple,group_71ebdd2fbc11ac38,structural-v1
698,place_relative,compound,group_71ebdd2fbc11ac38,structural-v1
699,rearrange_sort,compound,group_71ebdd2fbc11ac38,structural-v1
706,place_relative,simple,group_7c8d1debb3a41dcc,structural-v1
707,rearrange_sort,compound,group_7c8d1debb3a41dcc,structural-v1
708,rearrange_sort,compound,group_7c8d1debb3a41dcc,structural-v1
709,rearrange_sort,compound,group_7c8d1debb3a41dcc,structural-v1
710,rearrange_sort,compound,group_7c8d1debb3a41dcc,structural-v1
711,rearrange_sort,compound,group_7c8d1debb3a41dcc,structural-v1
712,place_relative,simple,group_868592f223632d5b,structural-v1
713,place_relative,simple,group_868592f223632d5b,structural-v1
714,place_relative,compound,group_868592f223632d5b,structural-v1
715,rearrange_sort,compound,group_868592f223632d5b,structural-v1
716,rearrange_sort,compound,group_868592f223632d5b,structural-v1
717,rearrange_sort,compound,group_868592f223632d5b,structural-v1
718,place_relative,simple,group_56fe73b3a7639db3,structural-v1
719,place_relative,simple,group_56fe73b3a7639db3,structural-v1
720,place_relative,simple,group_56fe73b3a7639db3,structural-v1
721,place_relative,compound,group_56fe73b3a7639db3,structural-v1
722,place_relative,compound,group_56fe73b3a7639db3,structural-v1
723,rearrange_sort,compound,group_56fe73b3a7639db3,structural-v1
725,place_relative,simple,group_e91e5ceb236006b4,structural-v1
727,place_relative,simple,group_e91e5ceb236006b4,structural-v1
728,place_relative,compound,group_e91e5ceb236006b4,structural-v1
729,place_relative,simple,group_e91e5ceb236006b4,structural-v1
730,place_relative,simple,group_e91e5ceb236006b4,structural-v1
731,place_relative,simple,group_322fa62f1813f17e,structural-v1
732,place_relative,simple,group_322fa62f1813f17e,structural-v1
733,place_relative,simple,group_322fa62f1813f17e,structural-v1
735,place_relative,simple,group_322fa62f1813f17e,structural-v1
737,place_relative,simple,group_40c61efd882b77ed,structural-v1
738,place_relative,simple,group_40c61efd882b77ed,structural-v1
739,place_relative,simple,group_40c61efd882b77ed,structural-v1
740,rotate_orient,constrained,group_40c61efd882b77ed,structural-v1
741,rotate_orient,constrained,group_40c61efd882b77ed,structural-v1
742,rotate_orient,constrained,group_40c61efd882b77ed,structural-v1
743,place_relative,simple,group_633f8dffc02f218b,structural-v1
744,place_relative,simple,group_633f8dffc02f218b,structural-v1
745,place_relative,simple,group_633f8dffc02f218b,structural-v1
746,place_relative,simple,group_633f8dffc02f218b,structural-v1
747,place_relative,simple,group_633f8dffc02f218b,structural-v1
748,rotate_orient,constrained,group_633f8dffc02f218b,structural-v1
749,place_relative,simple,group_322fa62f1813f17e,structural-v1
750,rotate_orient,constrained,group_526d497db71e24ea,structural-v1
751,rotate_orient,constrained,group_526d497db71e24ea,structural-v1
752,place_relative,simple,group_526d497db71e24ea,structural-v1
753,place_relative,simple,group_526d497db71e24ea,structural-v1
754,place_relative,simple,group_526d497db71e24ea,structural-v1
755,place_relative,simple,group_526d497db71e24ea,structural-v1
756,rotate_orient,constrained,group_5efa1ddd62dbccde,structural-v1
757,rotate_orient,constrained,group_5efa1ddd62dbccde,structural-v1
758,place_relative,simple,group_5efa1ddd62dbccde,structural-v1
759,place_relative,simple,group_5efa1ddd62dbccde,structural-v1
760,place_relative,simple,group_5efa1ddd62dbccde,structural-v1
761,place_relative,simple,group_5efa1ddd62dbccde,structural-v1
763,place_relative,simple,group_3094cfe560f1ccc3,structural-v1
764,stack_balance,constrained,group_3094cfe560f1ccc3,structural-v1
765,place_relative,simple,group_3094cfe560f1ccc3,structural-v1
768,place_relative,simple,group_bc91027a6f051885,structural-v1
769,place_relative,simple,group_bc91027a6f051885,structural-v1
770,place_relative,simple,group_bc91027a6f051885,structural-v1
771,place_relative,simple,group_bc91027a6f051885,structural-v1
772,place_relative,simple,group_bc91027a6f051885,structural-v1
773,place_relative,simple,group_bc91027a6f051885,structural-v1
774,place_relative,simple,group_4540b2562bbb9d96,structural-v1
775,place_relative,simple,group_4540b2562bbb9d96,structural-v1
776,place_relative,simple,group_4540b2562bbb9d96,structural-v1
777,place_relative,simple,group_4540b2562bbb9d96,structural-v1
778,place_relative,simple,group_4540b2562bbb9d96,structural-v1
779,place_relative,simple,group_4540b2562bbb9d96,structural-v1
786,place_relative,simple,group_77cabdc7f4c8b492,structural-v1
787,place_relative,simple,group_77cabdc7f4c8b492,structural-v1
788,place_relative,simple,group_77cabdc7f4c8b492,structural-v1
789,place_relative,simple,group_77cabdc7f4c8b492,structural-v1
790,place_relative,simple,group_77cabdc7f4c8b492,structural-v1
791,rotate_orient,constrained,group_77cabdc7f4c8b492,structural-v1
792,place_relative,simple,group_4d5801ccdb29bcbe,structural-v1
793,place_relative,simple,group_4d5801ccdb29bcbe,structural-v1
794,place_relative,simple,group_4d5801ccdb29bcbe,structural-v1
795,place_relative,simple,group_4d5801ccdb29bcbe,structural-v1
796,place_relative,simple,group_4d5801ccdb29bcbe,structural-v1
797,place_relative,simple,group_4d5801ccdb29bcbe,structural-v1
799,place_relative,simple,group_864a649fa5175626,structural-v1
800,place_relative,simple,group_864a649fa5175626,structural-v1
801,place_relative,simple,group_864a649fa5175626,structural-v1
802,place_relative,simple,group_864a649fa5175626,structural-v1
803,place_relative,simple,group_864a649fa5175626,structural-v1
804,place_relative,simple,group_864a649fa5175626,structural-v1
805,place_relative,simple,group_911d0feecf6e9d9d,structural-v1
806,place_relative,simple,group_911d0feecf6e9d9d,structural-v1
807,place_relative,simple,group_911d0feecf6e9d9d,structural-v1
808,place_relative,simple,group_911d0feecf6e9d9d,structural-v1
809,place_relative,simple,group_911d0feecf6e9d9d,structural-v1
810,place_relative,simple,group_911d0feecf6e9d9d,structural-v1
811,reach_pose,simple,group_2a93d6c72dfcb51f,structural-v1
812,rotate_orient,constrained,group_2a93d6c72dfcb51f,structural-v1
813,place_relative,simple,group_2a93d6c72dfcb51f,structural-v1
814,insert_contain,constrained,group_2a93d6c72dfcb51f,structural-v1
815,rotate_orient,constrained,group_2a93d6c72dfcb51f,structural-v1
818,place_relative,simple,group_500ee51a4dc2789e,structural-v1
828,insert_contain,constrained,group_c932fd0a824074f9,structural-v1
829,place_relative,simple,group_c932fd0a824074f9,structural-v1
830,place_relative,compound,group_c932fd0a824074f9,structural-v1
831,place_relative,compound,group_c932fd0a824074f9,structural-v1
832,rotate_orient,constrained,group_c932fd0a824074f9,structural-v1
833,rotate_orient,constrained,group_c932fd0a824074f9,structural-v1
837,rearrange_sort,compound,group_fec7e46126ddff57,structural-v1
838,place_relative,simple,group_fec7e46126ddff57,structural-v1
839,place_relative,simple,group_fec7e46126ddff57,structural-v1
840,place_relative,simple,group_9c5f132c54e5df41,structural-v1
841,place_relative,simple,group_9c5f132c54e5df41,structural-v1
842,place_relative,simple,group_9c5f132c54e5df41,structural-v1
843,place_relative,compound,group_9c5f132c54e5df41,structural-v1
844,rotate_orient,constrained,group_9c5f132c54e5df41,structural-v1
845,rotate_orient,constrained,group_9c5f132c54e5df41,structural-v1
848,place_relative,simple,group_699e22b772faea3a,structural-v1
849,place_relative,simple,group_699e22b772faea3a,structural-v1
850,place_relative,simple,group_699e22b772faea3a,structural-v1
851,place_relative,compound,group_699e22b772faea3a,structural-v1
852,rotate_orient,constrained,group_699e22b772faea3a,structural-v1
853,rotate_orient,constrained,group_699e22b772faea3a,structural-v1
854,place_relative,simple,group_506488d658dd118d,structural-v1
855,place_relative,simple,group_506488d658dd118d,structural-v1
856,place_relative,compound,group_506488d658dd118d,structural-v1
857,place_relative,compound,group_506488d658dd118d,structural-v1
858,place_relative,simple,group_506488d658dd118d,structural-v1
859,place_relative,compound,group_506488d658dd118d,structural-v1
862,place_relative,simple,group_5ca028bd40fe4eaa,structural-v1
863,place_relative,simple,group_5ca028bd40fe4eaa,structural-v1
864,place_relative,simple,group_5ca028bd40fe4eaa,structural-v1
865,place_relative,simple,group_5ca028bd40fe4eaa,structural-v1
866,rotate_orient,constrained,group_5ca028bd40fe4eaa,structural-v1
867,place_relative,compound,group_5ca028bd40fe4eaa,structural-v1
868,pick_lift,compound,group_e5a67268b1d40510,structural-v1
874,place_relative,simple,group_498dfd4f4649cc76,structural-v1
875,place_relative,simple,group_498dfd4f4649cc76,structural-v1
876,rotate_orient,constrained,group_498dfd4f4649cc76,structural-v1
877,rotate_orient,constrained,group_498dfd4f4649cc76,structural-v1
878,place_relative,compound,group_498dfd4f4649cc76,structural-v1
879,place_relative,compound,group_498dfd4f4649cc76,structural-v1
880,place_relative,simple,group_49c1debf80f8fb7a,structural-v1
881,place_relative,simple,group_49c1debf80f8fb7a,structural-v1
882,place_relative,simple,group_49c1debf80f8fb7a,structural-v1
883,rotate_orient,constrained,group_49c1debf80f8fb7a,structural-v1
884,rotate_orient,constrained,group_49c1debf80f8fb7a,structural-v1
885,place_relative,compound,group_49c1debf80f8fb7a,structural-v1
886,place_relative,simple,group_8a3c55ed6c044c0d,structural-v1
887,place_relative,simple,group_8a3c55ed6c044c0d,structural-v1
888,insert_contain,constrained,group_8a3c55ed6c044c0d,structural-v1
889,place_relative,simple,group_8a3c55ed6c044c0d,structural-v1
890,place_relative,compound,group_8a3c55ed6c044c0d,structural-v1
891,rotate_orient,constrained,group_8a3c55ed6c044c0d,structural-v1
892,stack_balance,constrained,group_dca67fb7fd1b84c2,structural-v1
894,place_relative,simple,group_a151e06f6e70cba0,structural-v1
895,place_relative,simple,group_a151e06f6e70cba0,structural-v1
896,place_relative,simple,group_a151e06f6e70cba0,structural-v1
897,place_relative,compound,group_a151e06f6e70cba0,structural-v1
898,place_relative,compound,group_a151e06f6e70cba0,structural-v1
899,place_relative,compound,group_a151e06f6e70cba0,structural-v1
900,place_relative,simple,group_b272a374aa6b0a83,structural-v1
901,place_relative,simple,group_b272a374aa6b0a83,structural-v1
902,place_relative,simple,group_b272a374aa6b0a83,structural-v1
903,place_relative,simple,group_b272a374aa6b0a83,structural-v1
904,rotate_orient,constrained,group_b272a374aa6b0a83,structural-v1
905,rotate_orient,constrained,group_b272a374aa6b0a83,structural-v1
918,insert_contain,constrained,group_fa1ab1b6da6a8867,structural-v1
919,insert_contain,constrained,group_fa1ab1b6da6a8867,structural-v1
920,place_relative,simple,group_fa1ab1b6da6a8867,structural-v1
921,rotate_orient,constrained,group_fa1ab1b6da6a8867,structural-v1
922,rotate_orient,constrained,group_fa1ab1b6da6a8867,structural-v1
923,place_relative,compound,group_fa1ab1b6da6a8867,structural-v1
925,place_relative,simple,group_66ec8360fcd1affe,structural-v1
926,place_relative,simple,group_66ec8360fcd1affe,structural-v1
927,place_relative,simple,group_66ec8360fcd1affe,structural-v1
928,place_relative,simple,group_66ec8360fcd1affe,structural-v1
929,place_relative,simple,group_66ec8360fcd1affe,structural-v1
930,rotate_orient,constrained,group_66ec8360fcd1affe,structural-v1
937,place_relative,simple,group_38a90b5d81200d65,structural-v1
938,place_relative,simple,group_38a90b5d81200d65,structural-v1
939,place_relative,simple,group_38a90b5d81200d65,structural-v1
940,place_relative,compound,group_38a90b5d81200d65,structural-v1
941,place_relative,compound,group_38a90b5d81200d65,structural-v1
942,place_relative,compound,group_38a90b5d81200d65,structural-v1
943,place_relative,simple,group_96a702824fb17ab5,structural-v1
944,place_relative,simple,group_96a702824fb17ab5,structural-v1
945,place_relative,compound,group_96a702824fb17ab5,structural-v1
946,place_relative,simple,group_96a702824fb17ab5,structural-v1
947,place_relative,simple,group_96a702824fb17ab5,structural-v1
948,place_relative,compound,group_96a702824fb17ab5,structural-v1
949,place_relative,simple,group_1ba7bf2999b30492,structural-v1
950,place_relative,simple,group_1ba7bf2999b30492,structural-v1
951,place_relative,simple,group_1ba7bf2999b30492,structural-v1
952,place_relative,compound,group_1ba7bf2999b30492,structural-v1
953,place_relative,compound,group_1ba7bf2999b30492,structural-v1
954,place_relative,compound,group_1ba7bf2999b30492,structural-v1
960,place_relative,simple,group_c96b4f042dffdf35,structural-v1
961,place_relative,simple,group_c96b4f042dffdf35,structural-v1
962,place_relative,simple,group_c96b4f042dffdf35,structural-v1
963,place_relative,simple,group_c96b4f042dffdf35,structural-v1
964,place_relative,compound,group_c96b4f042dffdf35,structural-v1
965,place_relative,compound,group_c96b4f042dffdf35,structural-v1
966,place_relative,simple,group_5d8db7fca9f40db3,structural-v1
967,place_relative,simple,group_5d8db7fca9f40db3,structural-v1
968,place_relative,simple,group_5d8db7fca9f40db3,structural-v1
969,place_relative,compound,group_5d8db7fca9f40db3,structural-v1
970,rotate_orient,constrained,group_5d8db7fca9f40db3,structural-v1
971,rotate_orient,constrained,group_5d8db7fca9f40db3,structural-v1
972,insert_contain,constrained,group_a380e75b039bf71b,structural-v1
973,insert_contain,constrained,group_a380e75b039bf71b,structural-v1
974,insert_contain,constrained,group_a380e75b039bf71b,structural-v1
975,place_relative,compound,group_a380e75b039bf71b,structural-v1
976,rotate_orient,constrained,group_a380e75b039bf71b,structural-v1
977,rotate_orient,constrained,group_a380e75b039bf71b,structural-v1
978,insert_contain,constrained,group_a34dac917c5cac1c,structural-v1
979,insert_contain,constrained,group_a34dac917c5cac1c,structural-v1
980,rotate_orient,constrained,group_a34dac917c5cac1c,structural-v1
981,rotate_orient,constrained,group_a34dac917c5cac1c,structural-v1
982,place_relative,compound,group_a34dac917c5cac1c,structural-v1
983,place_relative,compound,group_a34dac917c5cac1c,structural-v1
984,place_relative,simple,group_c5e0da1f9473c1fe,structural-v1
985,place_relative,simple,group_c5e0da1f9473c1fe,structural-v1
986,place_relative,simple,group_c5e0da1f9473c1fe,structural-v1
987,insert_contain,constrained,group_c5e0da1f9473c1fe,structural-v1
988,rotate_orient,constrained,group_c5e0da1f9473c1fe,structural-v1
989,rotate_orient,constrained,group_c5e0da1f9473c1fe,structural-v1
990,insert_contain,constrained,group_6f973df9c50701f4,structural-v1
991,insert_contain,constrained,group_6f973df9c50701f4,structural-v1
992,place_relative,compound,group_6f973df9c50701f4,structural-v1
993,place_relative,compound,group_6f973df9c50701f4,structural-v1
994,rotate_orient,constrained,group_6f973df9c50701f4,structural-v1
995,place_relative,compound,group_6f973df9c50701f4,structural-v1
996,insert_contain,constrained,group_69be39f0f05d9cb0,structural-v1
997,insert_contain,constrained,group_69be39f0f05d9cb0,structural-v1
998,place_relative,compound,group_69be39f0f05d9cb0,structural-v1
999,place_relative,compound,group_69be39f0f05d9cb0,structural-v1
1000,rotate_orient,constrained,group_69be39f0f05d9cb0,structural-v1
1001,rotate_orient,constrained,group_69be39f0f05d9cb0,structural-v1
1002,place_relative,simple,group_5f2f58bda6a5e21f,structural-v1
1003,place_relative,simple,group_5f2f58bda6a5e21f,structural-v1
1004,place_relative,simple,group_5f2f58bda6a5e21f,structural-v1
1005,place_relative,simple,group_5f2f58bda6a5e21f,structural-v1
1006,place_relative,compound,group_5f2f58bda6a5e21f,structural-v1
1007,rotate_orient,constrained,group_5f2f58bda6a5e21f,structural-v1
1012,insert_contain,constrained,group_697558ba032da6ef,structural-v1
1013,place_relative,simple,group_c3a79245febb8247,structural-v1
1014,place_relative,simple,group_c3a79245febb8247,structural-v1
1015,place_relative,simple,group_c3a79245febb8247,structural-v1
1016,place_relative,simple,group_c3a79245febb8247,structural-v1
1017,rotate_orient,constrained,group_c3a79245febb8247,structural-v1
1018,rotate_orient,constrained,group_c3a79245febb8247,structural-v1
1019,place_relative,simple,group_ef552ff0ca90c4df,structural-v1
1020,place_relative,simple,group_ef552ff0ca90c4df,structural-v1
1021,place_relative,simple,group_ef552ff0ca90c4df,structural-v1
1022,place_relative,compound,group_ef552ff0ca90c4df,structural-v1
1023,rotate_orient,constrained,group_ef552ff0ca90c4df,structural-v1
1024,rotate_orient,constrained,group_ef552ff0ca90c4df,structural-v1
1025,place_relative,simple,group_514d1c0b81b27516,structural-v1
1026,place_relative,simple,group_514d1c0b81b27516,structural-v1
1027,place_relative,simple,group_514d1c0b81b27516,structural-v1
1028,insert_contain,constrained,group_514d1c0b81b27516,structural-v1
1029,insert_contain,constrained,group_514d1c0b81b27516,structural-v1
1030,rotate_orient,constrained,group_514d1c0b81b27516,structural-v1
1032,place_relative,simple,group_a89a8f8a1ecd6637,structural-v1
1033,place_relative,simple,group_a89a8f8a1ecd6637,structural-v1
1034,place_relative,simple,group_a89a8f8a1ecd6637,structural-v1
1035,insert_contain,constrained,group_a89a8f8a1ecd6637,structural-v1
1036,rotate_orient,constrained,group_a89a8f8a1ecd6637,structural-v1
1037,rotate_orient,constrained,group_a89a8f8a1ecd6637,structural-v1
1038,place_relative,simple,group_7f0aeed64a48c093,structural-v1
1039,place_relative,simple,group_7f0aeed64a48c093,structural-v1
1040,place_relative,simple,group_7f0aeed64a48c093,structural-v1
1041,place_relative,compound,group_7f0aeed64a48c093,structural-v1
1042,place_relative,compound,group_7f0aeed64a48c093,structural-v1
1043,rotate_orient,constrained,group_7f0aeed64a48c093,structural-v1
1044,insert_contain,constrained,group_4ecabd1226b263ff,structural-v1
1045,insert_contain,constrained,group_4ecabd1226b263ff,structural-v1
1046,insert_contain,constrained,group_4ecabd1226b263ff,structural-v1
1047,place_relative,compound,group_4ecabd1226b263ff,structural-v1
1048,place_relative,compound,group_4ecabd1226b263ff,structural-v1
1049,rotate_orient,constrained,group_4ecabd1226b263ff,structural-v1
1050,insert_contain,constrained,group_fa7b3d91efff3dbb,structural-v1
1051,insert_contain,constrained,group_fa7b3d91efff3dbb,structural-v1
1052,place_relative,simple,group_fa7b3d91efff3dbb,structural-v1
1053,place_relative,simple,group_fa7b3d91efff3dbb,structural-v1
1054,insert_contain,compound,group_fa7b3d91efff3dbb,structural-v1
1055,place_relative,compound,group_fa7b3d91efff3dbb,structural-v1
1056,place_relative,simple,group_43c2e1528cf8f7dc,structural-v1
1057,place_relative,simple,group_43c2e1528cf8f7dc,structural-v1
1058,place_relative,simple,group_43c2e1528cf8f7dc,structural-v1
1059,place_relative,compound,group_43c2e1528cf8f7dc,structural-v1
1060,rotate_orient,constrained,group_43c2e1528cf8f7dc,structural-v1
1061,rotate_orient,constrained,group_43c2e1528cf8f7dc,structural-v1
1062,insert_contain,constrained,group_5c64e38f963dca3f,structural-v1
1063,insert_contain,constrained,group_5c64e38f963dca3f,structural-v1
1064,insert_contain,constrained,group_5c64e38f963dca3f,structural-v1
1065,place_relative,compound,group_5c64e38f963dca3f,structural-v1
1066,place_relative,simple,group_5c64e38f963dca3f,structural-v1
1067,rotate_orient,constrained,group_5c64e38f963dca3f,structural-v1
1068,insert_contain,constrained,group_81117e5934ad0436,structural-v1
1069,insert_contain,constrained,group_81117e5934ad0436,structural-v1
1070,insert_contain,constrained,group_81117e5934ad0436,structural-v1
1071,place_relative,simple,group_81117e5934ad0436,structural-v1
1072,place_relative,compound,group_81117e5934ad0436,structural-v1
1073,rotate_orient,constrained,group_81117e5934ad0436,structural-v1
1074,place_relative,simple,group_c0a32b64333a7cc8,structural-v1
1075,place_relative,simple,group_c0a32b64333a7cc8,structural-v1
1076,place_relative,simple,group_c0a32b64333a7cc8,structural-v1
1077,place_relative,compound,group_c0a32b64333a7cc8,structural-v1
1078,place_relative,compound,group_c0a32b64333a7cc8,structural-v1
1079,place_relative,compound,group_c0a32b64333a7cc8,structural-v1
1080,place_relative,simple,group_99c1e9fdf7f6b186,structural-v1
1081,place_relative,simple,group_99c1e9fdf7f6b186,structural-v1
1082,place_relative,simple,group_99c1e9fdf7f6b186,structural-v1
1083,insert_contain,constrained,group_99c1e9fdf7f6b186,structural-v1
1084,insert_contain,constrained,group_99c1e9fdf7f6b186,structural-v1
1085,place_relative,compound,group_99c1e9fdf7f6b186,structural-v1
1086,place_relative,simple,group_6fb66e2ec60e7acb,structural-v1
1087,place_relative,simple,group_6fb66e2ec60e7acb,structural-v1
1088,place_relative,simple,group_6fb66e2ec60e7acb,structural-v1
1089,place_relative,simple,group_6fb66e2ec60e7acb,structural-v1
1090,place_relative,compound,group_6fb66e2ec60e7acb,structural-v1
1091,pick_lift,simple,group_6fb66e2ec60e7acb,structural-v1
1092,place_relative,simple,group_82ae037ee7bceeae,structural-v1
1093,place_relative,simple,group_82ae037ee7bceeae,structural-v1
1094,place_relative,simple,group_82ae037ee7bceeae,structural-v1
1095,place_relative,compound,group_82ae037ee7bceeae,structural-v1
1096,rotate_orient,constrained,group_82ae037ee7bceeae,structural-v1
1097,rotate_orient,constrained,group_82ae037ee7bceeae,structural-v1
1105,push_pull,simple,group_1ba7bf2999b30492,structural-v1
1106,push_pull,simple,group_1ba7bf2999b30492,structural-v1
1107,pick_lift,simple,group_c96b4f042dffdf35,structural-v1
1108,insert_contain,compound,group_c96b4f042dffdf35,structural-v1
1109,pick_lift,simple,group_c5e0da1f9473c1fe,structural-v1
1111,rearrange_sort,compound,group_7f0aeed64a48c093,structural-v1
1112,pick_lift,simple,group_7f0aeed64a48c093,structural-v1
1113,rearrange_sort,compound,group_99c1e9fdf7f6b186,structural-v1
1114,pick_lift,simple,group_69be39f0f05d9cb0,structural-v1
1116,pick_lift,simple,group_e5a67268b1d40510,structural-v1
1137,rearrange_sort,compound,group_c41e7c13a725fd43,structural-v1
1138,rearrange_sort,compound,group_c41e7c13a725fd43,structural-v1
1139,rearrange_sort,compound,group_c41e7c13a725fd43,structural-v1
1140,rearrange_sort,compound,group_c41e7c13a725fd43,structural-v1
1141,rearrange_sort,compound,group_c41e7c13a725fd43,structural-v1
1142,rearrange_sort,compound,group_c41e7c13a725fd43,structural-v1
1148,reach_pose,simple,group_5c64e38f963dca3f,structural-v1
1149,push_pull,simple,group_5c64e38f963dca3f,structural-v1
1150,push_pull,simple,group_5c64e38f963dca3f,structural-v1
1151,place_relative,simple,group_9becba7f18fee709,structural-v1
1152,insert_contain,constrained,group_9becba7f18fee709,structural-v1
1153,push_pull,compound,group_9becba7f18fee709,structural-v1
1164,insert_contain,constrained,group_6f5e51d24364e445,structural-v1
1175,place_relative,simple,group_3ebdb85c31d2ce3a,structural-v1
1176,place_relative,simple,group_3ebdb85c31d2ce3a,structural-v1
1177,place_relative,simple,group_3ebdb85c31d2ce3a,structural-v1
1178,place_relative,compound,group_3ebdb85c31d2ce3a,structural-v1
1179,rotate_orient,constrained,group_3ebdb85c31d2ce3a,structural-v1
1180,rotate_orient,constrained,group_3ebdb85c31d2ce3a,structural-v1
1181,place_relative,simple,group_374938ce6ca7b930,structural-v1
1182,place_relative,simple,group_374938ce6ca7b930,structural-v1
1183,place_relative,simple,group_374938ce6ca7b930,structural-v1
1184,place_relative,simple,group_374938ce6ca7b930,structural-v1
1185,place_relative,simple,group_374938ce6ca7b930,structural-v1
1186,rotate_orient,constrained,group_374938ce6ca7b930,structural-v1
1187,place_relative,simple,group_a74ffbd81c203797,structural-v1
1188,place_relative,simple,group_a74ffbd81c203797,structural-v1
1189,place_relative,simple,group_a74ffbd81c203797,structural-v1
1190,place_relative,compound,group_a74ffbd81c203797,structural-v1
1191,place_relative,compound,group_a74ffbd81c203797,structural-v1
1192,rotate_orient,constrained,group_a74ffbd81c203797,structural-v1
1193,place_relative,simple,group_1e307ea1036ed73c,structural-v1
1194,place_relative,simple,group_1e307ea1036ed73c,structural-v1
1195,place_relative,simple,group_1e307ea1036ed73c,structural-v1
1196,place_relative,simple,group_1e307ea1036ed73c,structural-v1
1197,place_relative,compound,group_1e307ea1036ed73c,structural-v1
1198,rotate_orient,constrained,group_1e307ea1036ed73c,structural-v1
1204,rearrange_sort,compound,group_c48db286fa974e87,structural-v1
1205,rearrange_sort,compound,group_c48db286fa974e87,structural-v1
1206,rearrange_sort,compound,group_c48db286fa974e87,structural-v1
1207,rearrange_sort,compound,group_c48db286fa974e87,structural-v1
1208,rearrange_sort,compound,group_c48db286fa974e87,structural-v1
1209,rearrange_sort,compound,group_c48db286fa974e87,structural-v1
1222,place_relative,simple,group_c91201f3af4c3464,structural-v1
1223,place_relative,simple,group_c91201f3af4c3464,structural-v1
1224,place_relative,simple,group_c91201f3af4c3464,structural-v1
1225,insert_contain,constrained,group_c91201f3af4c3464,structural-v1
1226,rotate_orient,constrained,group_c91201f3af4c3464,structural-v1
1227,rotate_orient,constrained,group_c91201f3af4c3464,structural-v1
1228,place_relative,simple,group_0a8494b4527c91fb,structural-v1
1229,place_relative,simple,group_0a8494b4527c91fb,structural-v1
1230,place_relative,simple,group_0a8494b4527c91fb,structural-v1
1231,place_relative,compound,group_0a8494b4527c91fb,structural-v1
1232,place_relative,compound,group_0a8494b4527c91fb,structural-v1
1233,place_relative,compound,group_0a8494b4527c91fb,structural-v1
1234,insert_contain,constrained,group_8eb9c7f8fecdf1aa,structural-v1
1235,insert_contain,constrained,group_8eb9c7f8fecdf1aa,structural-v1
1236,insert_contain,constrained,group_8eb9c7f8fecdf1aa,structural-v1
1237,place_relative,compound,group_8eb9c7f8fecdf1aa,structural-v1
1238,place_relative,compound,group_8eb9c7f8fecdf1aa,structural-v1
1239,rotate_orient,constrained,group_8eb9c7f8fecdf1aa,structural-v1
1240,place_relative,simple,group_e1509badf7715bd5,structural-v1
1241,place_relative,simple,group_e1509badf7715bd5,structural-v1
1242,place_relative,simple,group_e1509badf7715bd5,structural-v1
1243,place_relative,compound,group_e1509badf7715bd5,structural-v1
1244,place_relative,compound,group_e1509badf7715bd5,structural-v1
1245,rotate_orient,constrained,group_e1509badf7715bd5,structural-v1
1246,place_relative,simple,group_779cfe943ceee525,structural-v1
1247,place_relative,simple,group_779cfe943ceee525,structural-v1
1248,place_relative,simple,group_779cfe943ceee525,structural-v1
1249,place_relative,compound,group_779cfe943ceee525,structural-v1
1250,place_relative,compound,group_779cfe943ceee525,structural-v1
1251,rotate_orient,constrained,group_779cfe943ceee525,structural-v1
1252,place_relative,simple,group_ef1cbf41e8ccb59d,structural-v1
1255,place_relative,simple,group_fffa8af76465af00,structural-v1
1256,place_relative,simple,group_fffa8af76465af00,structural-v1
1257,place_relative,simple,group_fffa8af76465af00,structural-v1
1258,place_relative,compound,group_fffa8af76465af00,structural-v1
1267,place_relative,simple,group_fcbbd2fe74644355,structural-v1
1268,place_relative,simple,group_fcbbd2fe74644355,structural-v1
1269,place_relative,simple,group_fcbbd2fe74644355,structural-v1
1270,place_relative,compound,group_fcbbd2fe74644355,structural-v1
1271,rotate_orient,constrained,group_fcbbd2fe74644355,structural-v1
1272,rotate_orient,constrained,group_fcbbd2fe74644355,structural-v1
1273,insert_contain,constrained,group_9ffdc1a67d1927c4,structural-v1
1274,place_relative,simple,group_4862aa47bdf4aba5,structural-v1
1276,place_relative,simple,group_4862aa47bdf4aba5,structural-v1
1277,insert_contain,constrained,group_4862aa47bdf4aba5,structural-v1
1278,place_relative,compound,group_4862aa47bdf4aba5,structural-v1
1279,place_relative,simple,group_4862aa47bdf4aba5,structural-v1
1280,place_relative,simple,group_720d8115fac47079,structural-v1
1281,place_relative,simple,group_720d8115fac47079,structural-v1
1282,place_relative,simple,group_720d8115fac47079,structural-v1
1283,place_relative,compound,group_720d8115fac47079,structural-v1
1284,rotate_orient,constrained,group_720d8115fac47079,structural-v1
1285,rotate_orient,constrained,group_720d8115fac47079,structural-v1
1286,insert_contain,constrained,group_da616a16e7c0380b,structural-v1
1288,place_relative,simple,group_8b67f89d125fba38,structural-v1
1289,place_relative,simple,group_8b67f89d125fba38,structural-v1
1290,place_relative,simple,group_8b67f89d125fba38,structural-v1
1291,place_relative,compound,group_8b67f89d125fba38,structural-v1
1292,rotate_orient,constrained,group_8b67f89d125fba38,structural-v1
1293,rotate_orient,constrained,group_8b67f89d125fba38,structural-v1
1294,place_relative,simple,group_6a19689694aec9ef,structural-v1
1295,place_relative,simple,group_6a19689694aec9ef,structural-v1
1296,place_relative,simple,group_6a19689694aec9ef,structural-v1
1297,place_relative,simple,group_6a19689694aec9ef,structural-v1
1298,place_relative,simple,group_6a19689694aec9ef,structural-v1
1299,place_relative,simple,group_6a19689694aec9ef,structural-v1
1300,place_relative,simple,group_6e9a7813b3e6106e,structural-v1
1301,place_relative,simple,group_6e9a7813b3e6106e,structural-v1
1302,place_relative,compound,group_6e9a7813b3e6106e,structural-v1
1303,place_relative,simple,group_6e9a7813b3e6106e,structural-v1
1304,rotate_orient,constrained,group_6e9a7813b3e6106e,structural-v1
1305,rotate_orient,constrained,group_6e9a7813b3e6106e,structural-v1
1306,place_relative,simple,group_3b9f554b009a6988,structural-v1
1307,place_relative,simple,group_3b9f554b009a6988,structural-v1
1308,place_relative,simple,group_3b9f554b009a6988,structural-v1
1309,place_relative,compound,group_3b9f554b009a6988,structural-v1
1310,place_relative,compound,group_3b9f554b009a6988,structural-v1
1311,rotate_orient,constrained,group_3b9f554b009a6988,structural-v1
1312,place_relative,simple,group_1351401d878b7d55,structural-v1
1313,place_relative,simple,group_1351401d878b7d55,structural-v1
1314,place_relative,simple,group_1351401d878b7d55,structural-v1
1315,place_relative,compound,group_1351401d878b7d55,structural-v1
1316,rotate_orient,constrained,group_1351401d878b7d55,structural-v1
1317,rotate_orient,constrained,group_1351401d878b7d55,structural-v1
1318,place_relative,simple,group_6f8b8717cfd6abce,structural-v1
1319,place_relative,simple,group_6f8b8717cfd6abce,structural-v1
1320,place_relative,simple,group_6f8b8717cfd6abce,structural-v1
1321,place_relative,compound,group_6f8b8717cfd6abce,structural-v1
1322,rotate_orient,constrained,group_6f8b8717cfd6abce,structural-v1
1323,rotate_orient,constrained,group_6f8b8717cfd6abce,structural-v1
1324,place_relative,simple,group_ce54a8ab7baa5423,structural-v1
1325,place_relative,simple,group_ce54a8ab7baa5423,structural-v1
1326,place_relative,simple,group_ce54a8ab7baa5423,structural-v1
1327,place_relative,compound,group_ce54a8ab7baa5423,structural-v1
1328,place_relative,compound,group_ce54a8ab7baa5423,structural-v1
1329,rotate_orient,constrained,group_ce54a8ab7baa5423,structural-v1
1330,insert_contain,constrained,group_322ec16a6b520cc1,structural-v1
1331,insert_contain,constrained,group_322ec16a6b520cc1,structural-v1
1332,insert_contain,constrained,group_322ec16a6b520cc1,structural-v1
1333,place_relative,compound,group_322ec16a6b520cc1,structural-v1
1334,place_relative,compound,group_322ec16a6b520cc1,structural-v1
1335,rotate_orient,constrained,group_322ec16a6b520cc1,structural-v1
1337,place_relative,simple,group_d3be5184bb520da6,structural-v1
1338,place_relative,simple,group_d3be5184bb520da6,structural-v1
1339,place_relative,simple,group_d3be5184bb520da6,structural-v1
1340,place_relative,compound,group_d3be5184bb520da6,structural-v1
1341,place_relative,compound,group_d3be5184bb520da6,structural-v1
1342,rotate_orient,constrained,group_d3be5184bb520da6,structural-v1
1343,insert_contain,constrained,group_7932389adf1bd8a0,structural-v1
1344,insert_contain,constrained,group_7932389adf1bd8a0,structural-v1
1345,insert_contain,constrained,group_7932389adf1bd8a0,structural-v1
1346,place_relative,compound,group_7932389adf1bd8a0,structural-v1
1347,place_relative,compound,group_7932389adf1bd8a0,structural-v1
1348,rotate_orient,constrained,group_7932389adf1bd8a0,structural-v1
1350,insert_contain,constrained,group_d6b36bd45b53703b,structural-v1
1351,insert_contain,constrained,group_d6b36bd45b53703b,structural-v1
1352,place_relative,simple,group_b4c3325a53aae5e2,structural-v1
1353,place_relative,simple,group_b4c3325a53aae5e2,structural-v1
1354,place_relative,simple,group_b4c3325a53aae5e2,structural-v1
1355,place_relative,compound,group_b4c3325a53aae5e2,structural-v1
1356,place_relative,simple,group_b4c3325a53aae5e2,structural-v1
1357,rotate_orient,constrained,group_b4c3325a53aae5e2,structural-v1
1394,place_relative,simple,group_734883f28fc74d47,structural-v1
1395,place_relative,simple,group_734883f28fc74d47,structural-v1
1396,place_relative,simple,group_734883f28fc74d47,structural-v1
1397,place_relative,compound,group_734883f28fc74d47,structural-v1
1398,place_relative,compound,group_734883f28fc74d47,structural-v1
1399,rotate_orient,constrained,group_734883f28fc74d47,structural-v1
1400,place_relative,simple,group_aba2e60477e124a2,structural-v1
1401,rotate_orient,constrained,group_d642e0af60970827,structural-v1
1402,insert_contain,constrained,group_fc4d260eff4f9465,structural-v1
1403,place_relative,compound,group_79177fc20591c356,structural-v1
1404,insert_contain,constrained,group_c2b07b570299ab83,structural-v1
1405,place_relative,simple,group_759bd1bcda71d1da,structural-v1
1406,place_relative,simple,group_759bd1bcda71d1da,structural-v1
1407,place_relative,simple,group_759bd1bcda71d1da,structural-v1
1408,place_relative,simple,group_759bd1bcda71d1da,structural-v1
1409,place_relative,simple,group_759bd1bcda71d1da,structural-v1
1410,rotate_orient,constrained,group_759bd1bcda71d1da,structural-v1
1411,place_relative,simple,group_89e11ec3170eed13,structural-v1
1412,place_relative,simple,group_89e11ec3170eed13,structural-v1
1413,place_relative,simple,group_89e11ec3170eed13,structural-v1
1414,place_relative,simple,group_89e11ec3170eed13,structural-v1
1415,place_relative,simple,group_89e11ec3170eed13,structural-v1
1416,rotate_orient,constrained,group_89e11ec3170eed13,structural-v1
1417,place_relative,simple,group_491242aeee288369,structural-v1
1418,place_relative,simple,group_491242aeee288369,structural-v1
1419,place_relative,simple,group_491242aeee288369,structural-v1
1420,place_relative,simple,group_491242aeee288369,structural-v1
1421,place_relative,simple,group_491242aeee288369,structural-v1
1422,rotate_orient,constrained,group_491242aeee288369,structural-v1
1423,insert_contain,constrained,group_82a3266771a3d9b1,structural-v1
1424,insert_contain,constrained,group_82a3266771a3d9b1,structural-v1
1425,insert_contain,constrained,group_82a3266771a3d9b1,structural-v1
1426,rearrange_sort,compound,group_82a3266771a3d9b1,structural-v1
1427,rearrange_sort,compound,group_82a3266771a3d9b1,structural-v1
1428,rotate_orient,constrained,group_82a3266771a3d9b1,structural-v1
1435,place_relative,simple,group_45069d03f5d09644,structural-v1
1436,place_relative,simple,group_45069d03f5d09644,structural-v1
1437,place_relative,simple,group_45069d03f5d09644,structural-v1
1438,place_relative,compound,group_45069d03f5d09644,structural-v1
1439,rotate_orient,constrained,group_45069d03f5d09644,structural-v1
1440,rotate_orient,constrained,group_45069d03f5d09644,structural-v1
1441,insert_contain,constrained,group_fd0ddd7acdfbcbb4,structural-v1
1442,insert_contain,constrained,group_fd0ddd7acdfbcbb4,structural-v1
1443,insert_contain,constrained,group_fd0ddd7acdfbcbb4,structural-v1
1444,place_relative,compound,group_fd0ddd7acdfbcbb4,structural-v1
1445,place_relative,compound,group_fd0ddd7acdfbcbb4,structural-v1
1446,rotate_orient,constrained,group_fd0ddd7acdfbcbb4,structural-v1
1447,place_relative,simple,group_3a97b937fd6b9086,structural-v1
1448,place_relative,simple,group_3a97b937fd6b9086,structural-v1
1449,place_relative,simple,group_3a97b937fd6b9086,structural-v1
1450,place_relative,simple,group_3a97b937fd6b9086,structural-v1
1451,place_relative,simple,group_3a97b937fd6b9086,structural-v1
1452,insert_contain,constrained,group_3a97b937fd6b9086,structural-v1
1455,reach_pose,compound,group_d6b36bd45b53703b,structural-v1
1456,place_relative,compound,group_514d1c0b81b27516,structural-v1
1458,insert_contain,compound,group_6f5e51d24364e445,structural-v1
1459,insert_contain,compound,group_036ee6c9cdcacd0b,structural-v1
1460,place_relative,simple,group_5f6f9d5b4b23abf1,structural-v1
1461,place_relative,simple,group_5f6f9d5b4b23abf1,structural-v1
1462,place_relative,simple,group_5f6f9d5b4b23abf1,structural-v1
1463,place_relative,simple,group_5f6f9d5b4b23abf1,structural-v1
1464,place_relative,simple,group_5f6f9d5b4b23abf1,structural-v1
1465,rotate_orient,constrained,group_5f6f9d5b4b23abf1,structural-v1
1466,place_relative,simple,group_e50037143cdac192,structural-v1
1467,insert_contain,constrained,group_e50037143cdac192,structural-v1
1468,insert_contain,constrained,group_e50037143cdac192,structural-v1
1469,place_relative,simple,group_e50037143cdac192,structural-v1
1470,rotate_orient,constrained,group_e50037143cdac192,structural-v1
1471,rotate_orient,constrained,group_e50037143cdac192,structural-v1
1472,place_relative,simple,group_ea8e8233c7b1e8be,structural-v1
1473,place_relative,simple,group_ea8e8233c7b1e8be,structural-v1
1474,place_relative,simple,group_ea8e8233c7b1e8be,structural-v1
1475,place_relative,compound,group_ea8e8233c7b1e8be,structural-v1
1476,rotate_orient,constrained,group_ea8e8233c7b1e8be,structural-v1
1477,rotate_orient,constrained,group_ea8e8233c7b1e8be,structural-v1
1478,place_relative,simple,group_1b61f54ba5941a8f,structural-v1
1479,place_relative,simple,group_1b61f54ba5941a8f,structural-v1
1480,place_relative,simple,group_1b61f54ba5941a8f,structural-v1
1481,place_relative,simple,group_1b61f54ba5941a8f,structural-v1
1482,place_relative,simple,group_1b61f54ba5941a8f,structural-v1
1483,rotate_orient,constrained,group_1b61f54ba5941a8f,structural-v1
1484,place_relative,simple,group_a3bf17d9e973ef28,structural-v1
1485,place_relative,simple,group_a3bf17d9e973ef28,structural-v1
1486,place_relative,simple,group_a3bf17d9e973ef28,structural-v1
1487,place_relative,simple,group_a3bf17d9e973ef28,structural-v1
1488,place_relative,simple,group_a3bf17d9e973ef28,structural-v1
1489,rotate_orient,constrained,group_a3bf17d9e973ef28,structural-v1
1492,insert_contain,compound,group_e7525431a3252c67,structural-v1
1494,place_relative,simple,group_0b800b00443d1ce0,structural-v1
1495,place_relative,simple,group_0b800b00443d1ce0,structural-v1
1496,place_relative,simple,group_0b800b00443d1ce0,structural-v1
1497,place_relative,simple,group_0b800b00443d1ce0,structural-v1
1498,place_relative,simple,group_0b800b00443d1ce0,structural-v1
1499,rotate_orient,constrained,group_0b800b00443d1ce0,structural-v1
1500,insert_contain,compound,group_33dfabded5072ad9,structural-v1
1501,insert_contain,compound,group_33dfabded5072ad9,structural-v1
1502,insert_contain,compound,group_33dfabded5072ad9,structural-v1
1503,place_relative,compound,group_33dfabded5072ad9,structural-v1
1504,rotate_orient,constrained,group_33dfabded5072ad9,structural-v1
1505,rotate_orient,constrained,group_33dfabded5072ad9,structural-v1
1506,place_relative,simple,group_ccf8fbfe76554da8,structural-v1
1507,place_relative,simple,group_ccf8fbfe76554da8,structural-v1
1508,place_relative,simple,group_ccf8fbfe76554da8,structural-v1
1509,place_relative,compound,group_ccf8fbfe76554da8,structural-v1
1510,rotate_orient,constrained,group_ccf8fbfe76554da8,structural-v1
1511,rotate_orient,constrained,group_ccf8fbfe76554da8,structural-v1
1512,place_relative,simple,group_e259c9c0c9526a18,structural-v1
1513,place_relative,simple,group_e259c9c0c9526a18,structural-v1
1514,place_relative,simple,group_e259c9c0c9526a18,structural-v1
1515,place_relative,simple,group_e259c9c0c9526a18,structural-v1
1516,place_relative,simple,group_e259c9c0c9526a18,structural-v1
1517,rotate_orient,constrained,group_e259c9c0c9526a18,structural-v1
1518,place_relative,compound,group_f35e5c01ff344685,structural-v1
1519,place_relative,compound,group_f35e5c01ff344685,structural-v1
1520,place_relative,compound,group_f35e5c01ff344685,structural-v1
1521,place_relative,simple,group_f35e5c01ff344685,structural-v1
1522,place_relative,simple,group_f35e5c01ff344685,structural-v1
1523,rotate_orient,constrained,group_f35e5c01ff344685,structural-v1
1524,insert_contain,compound,group_9c0a9e58e0dd5688,structural-v1
1525,insert_contain,compound,group_9c0a9e58e0dd5688,structural-v1
1526,insert_contain,compound,group_9c0a9e58e0dd5688,structural-v1
1527,rearrange_sort,compound,group_9c0a9e58e0dd5688,structural-v1
1528,rearrange_sort,compound,group_9c0a9e58e0dd5688,structural-v1
1557,place_relative,simple,group_3744651c3a679b72,structural-v1
1558,place_relative,simple,group_3744651c3a679b72,structural-v1
1559,place_relative,simple,group_3744651c3a679b72,structural-v1
1560,place_relative,simple,group_3744651c3a679b72,structural-v1
1561,place_relative,simple,group_3744651c3a679b72,structural-v1
1562,rotate_orient,constrained,group_3744651c3a679b72,structural-v1
1584,place_relative,simple,group_147df926fcb0f6c5,structural-v1
1585,place_relative,simple,group_147df926fcb0f6c5,structural-v1
1586,place_relative,simple,group_147df926fcb0f6c5,structural-v1
1587,rotate_orient,constrained,group_147df926fcb0f6c5,structural-v1
1588,rotate_orient,constrained,group_147df926fcb0f6c5,structural-v1
1589,rotate_orient,constrained,group_147df926fcb0f6c5,structural-v1
1590,place_relative,simple,group_37dc88be1108a2a4,structural-v1
1591,place_relative,simple,group_37dc88be1108a2a4,structural-v1
1592,place_relative,simple,group_37dc88be1108a2a4,structural-v1
1593,place_relative,compound,group_37dc88be1108a2a4,structural-v1
1594,rotate_orient,constrained,group_37dc88be1108a2a4,structural-v1
1595,rotate_orient,constrained,group_37dc88be1108a2a4,structural-v1
1596,place_relative,simple,group_8b1d2e3f37b1e6c1,structural-v1
1597,place_relative,simple,group_8b1d2e3f37b1e6c1,structural-v1
1598,place_relative,simple,group_8b1d2e3f37b1e6c1,structural-v1
1599,place_relative,simple,group_8b1d2e3f37b1e6c1,structural-v1
1600,rotate_orient,constrained,group_8b1d2e3f37b1e6c1,structural-v1
1601,rotate_orient,constrained,group_8b1d2e3f37b1e6c1,structural-v1
1602,insert_contain,constrained,group_96a3363d136b83e7,structural-v1
1603,insert_contain,constrained,group_96a3363d136b83e7,structural-v1
1604,insert_contain,constrained,group_96a3363d136b83e7,structural-v1
1605,rearrange_sort,compound,group_96a3363d136b83e7,structural-v1
1606,rearrange_sort,compound,group_96a3363d136b83e7,structural-v1
1607,place_relative,compound,group_96a3363d136b83e7,structural-v1
1608,insert_contain,constrained,group_09517cff29ff3db3,structural-v1
1609,insert_contain,constrained,group_09517cff29ff3db3,structural-v1
1610,insert_contain,constrained,group_09517cff29ff3db3,structural-v1
1611,place_relative,compound,group_09517cff29ff3db3,structural-v1
1612,place_relative,compound,group_09517cff29ff3db3,structural-v1
1613,rotate_orient,constrained,group_09517cff29ff3db3,structural-v1
1620,place_relative,simple,group_191fc260d9823e10,structural-v1
1621,place_relative,simple,group_191fc260d9823e10,structural-v1
1622,place_relative,simple,group_191fc260d9823e10,structural-v1
1623,place_relative,compound,group_191fc260d9823e10,structural-v1
1624,place_relative,compound,group_191fc260d9823e10,structural-v1
1625,rotate_orient,constrained,group_191fc260d9823e10,structural-v1
1628,insert_contain,constrained,group_b804861961b09262,structural-v1
1629,insert_contain,constrained,group_b804861961b09262,structural-v1
1630,insert_contain,constrained,group_b804861961b09262,structural-v1
1631,place_relative,compound,group_b804861961b09262,structural-v1
1632,place_relative,compound,group_b804861961b09262,structural-v1
1633,rotate_orient,constrained,group_b804861961b09262,structural-v1
1634,place_relative,simple,group_3ddcc25f28dfcd83,structural-v1
1635,place_relative,simple,group_3ddcc25f28dfcd83,structural-v1
1636,insert_contain,constrained,group_3ddcc25f28dfcd83,structural-v1
1637,insert_contain,constrained,group_3ddcc25f28dfcd83,structural-v1
1638,place_relative,compound,group_3ddcc25f28dfcd83,structural-v1
1639,rotate_orient,constrained,group_3ddcc25f28dfcd83,structural-v1
1640,place_relative,simple,group_13657df93810b39e,structural-v1
1641,place_relative,simple,group_13657df93810b39e,structural-v1
1642,place_relative,simple,group_13657df93810b39e,structural-v1
1643,place_relative,simple,group_13657df93810b39e,structural-v1
1644,place_relative,simple,group_13657df93810b39e,structural-v1
1645,rotate_orient,constrained,group_13657df93810b39e,structural-v1
1646,place_relative,simple,group_1a35621a135b783b,structural-v1
1647,place_relative,simple,group_1a35621a135b783b,structural-v1
1648,place_relative,simple,group_1a35621a135b783b,structural-v1
1649,place_relative,compound,group_1a35621a135b783b,structural-v1
1650,place_relative,compound,group_1a35621a135b783b,structural-v1
1651,rotate_orient,constrained,group_1a35621a135b783b,structural-v1
1688,insert_contain,constrained,group_56f0fc20a92470bb,structural-v1
1689,insert_contain,constrained,group_56f0fc20a92470bb,structural-v1
1690,insert_contain,constrained,group_56f0fc20a92470bb,structural-v1
1692,place_relative,compound,group_56f0fc20a92470bb,structural-v1
1693,rotate_orient,constrained,group_56f0fc20a92470bb,structural-v1
1694,insert_contain,constrained,group_875849cd5a398beb,structural-v1
1695,insert_contain,constrained,group_875849cd5a398beb,structural-v1
1696,insert_contain,constrained,group_875849cd5a398beb,structural-v1
1697,place_relative,compound,group_875849cd5a398beb,structural-v1
1698,place_relative,compound,group_875849cd5a398beb,structural-v1
1699,rotate_orient,constrained,group_875849cd5a398beb,structural-v1
1700,place_relative,simple,group_6b074c3de10e3a17,structural-v1
1701,place_relative,simple,group_6b074c3de10e3a17,structural-v1
1702,place_relative,simple,group_6b074c3de10e3a17,structural-v1
1703,place_relative,compound,group_6b074c3de10e3a17,structural-v1
1704,place_relative,compound,group_6b074c3de10e3a17,structural-v1
1705,rotate_orient,constrained,group_6b074c3de10e3a17,structural-v1
1706,place_relative,simple,group_f029e3f09990a423,structural-v1
1707,place_relative,simple,group_f029e3f09990a423,structural-v1
1708,place_relative,simple,group_f029e3f09990a423,structural-v1
1709,place_relative,compound,group_f029e3f09990a423,structural-v1
1710,place_relative,compound,group_f029e3f09990a423,structural-v1
1711,rotate_orient,constrained,group_f029e3f09990a423,structural-v1
1712,place_relative,simple,group_ba0c6a6964f732fa,structural-v1
1713,place_relative,simple,group_ba0c6a6964f732fa,structural-v1
1714,place_relative,simple,group_ba0c6a6964f732fa,structural-v1
1715,place_relative,compound,group_ba0c6a6964f732fa,structural-v1
1716,place_relative,compound,group_ba0c6a6964f732fa,structural-v1
1717,rotate_orient,constrained,group_ba0c6a6964f732fa,structural-v1
1718,place_relative,simple,group_427b25bca916fa88,structural-v1
1719,place_relative,simple,group_427b25bca916fa88,structural-v1
1720,insert_contain,constrained,group_427b25bca916fa88,structural-v1
1721,insert_contain,constrained,group_427b25bca916fa88,structural-v1
1722,place_relative,compound,group_427b25bca916fa88,structural-v1
1724,place_relative,simple,group_8396a0edcc89d5c5,structural-v1
1725,place_relative,simple,group_8396a0edcc89d5c5,structural-v1
1726,place_relative,simple,group_8396a0edcc89d5c5,structural-v1
1727,place_relative,compound,group_8396a0edcc89d5c5,structural-v1
1728,place_relative,compound,group_8396a0edcc89d5c5,structural-v1
1729,rotate_orient,constrained,group_8396a0edcc89d5c5,structural-v1
1730,place_relative,simple,group_e33520a8c076b08c,structural-v1
1731,place_relative,simple,group_e33520a8c076b08c,structural-v1
1732,place_relative,simple,group_e33520a8c076b08c,structural-v1
1733,place_relative,compound,group_e33520a8c076b08c,structural-v1
1735,rotate_orient,constrained,group_e33520a8c076b08c,structural-v1
1736,place_relative,simple,group_f539c85c9d558888,structural-v1
1737,place_relative,simple,group_f539c85c9d558888,structural-v1
1738,place_relative,simple,group_f539c85c9d558888,structural-v1
1739,place_relative,simple,group_f539c85c9d558888,structural-v1
1740,rotate_orient,constrained,group_f539c85c9d558888,structural-v1
1741,rotate_orient,constrained,group_f539c85c9d558888,structural-v1
1742,place_relative,simple,group_744836e47a2528d1,structural-v1
1743,place_relative,simple,group_744836e47a2528d1,structural-v1
1744,place_relative,simple,group_744836e47a2528d1,structural-v1
1745,place_relative,simple,group_744836e47a2528d1,structural-v1
1746,place_relative,simple,group_744836e47a2528d1,structural-v1
1747,rotate_orient,constrained,group_744836e47a2528d1,structural-v1
1754,place_relative,simple,group_fe224968372102a5,structural-v1
1755,place_relative,simple,group_fe224968372102a5,structural-v1
1756,place_relative,simple,group_fe224968372102a5,structural-v1
1757,place_relative,compound,group_fe224968372102a5,structural-v1
1758,place_relative,compound,group_fe224968372102a5,structural-v1
1759,rotate_orient,constrained,group_fe224968372102a5,structural-v1
1760,place_relative,simple,group_2c32fe02084b174f,structural-v1
1761,place_relative,simple,group_2c32fe02084b174f,structural-v1
1762,place_relative,simple,group_2c32fe02084b174f,structural-v1
1763,place_relative,compound,group_2c32fe02084b174f,structural-v1
1764,place_relative,compound,group_2c32fe02084b174f,structural-v1
1765,rotate_orient,constrained,group_2c32fe02084b174f,structural-v1
1766,place_relative,simple,group_4ee3835543a2860c,structural-v1
1767,place_relative,simple,group_4ee3835543a2860c,structural-v1
1768,place_relative,simple,group_4ee3835543a2860c,structural-v1
1769,place_relative,compound,group_4ee3835543a2860c,structural-v1
1770,place_relative,compound,group_4ee3835543a2860c,structural-v1
1771,rotate_orient,constrained,group_4ee3835543a2860c,structural-v1
1772,place_relative,simple,group_691a4d982eb72ca9,structural-v1
1773,place_relative,simple,group_691a4d982eb72ca9,structural-v1
1774,place_relative,simple,group_691a4d982eb72ca9,structural-v1
1775,place_relative,compound,group_691a4d982eb72ca9,structural-v1
1776,rotate_orient,constrained,group_691a4d982eb72ca9,structural-v1
1777,rotate_orient,constrained,group_691a4d982eb72ca9,structural-v1
1778,place_relative,simple,group_6ab4b3f8a8e3cb9a,structural-v1
1779,place_relative,simple,group_6ab4b3f8a8e3cb9a,structural-v1
1780,place_relative,simple,group_6ab4b3f8a8e3cb9a,structural-v1
1781,place_relative,compound,group_6ab4b3f8a8e3cb9a,structural-v1
1783,rotate_orient,constrained,group_6ab4b3f8a8e3cb9a,structural-v1
1784,place_relative,simple,group_8897865a1a25f2e0,structural-v1
1785,place_relative,simple,group_8897865a1a25f2e0,structural-v1
1786,place_relative,simple,group_8897865a1a25f2e0,structural-v1
1787,place_relative,compound,group_8897865a1a25f2e0,structural-v1
1788,place_relative,compound,group_8897865a1a25f2e0,structural-v1
1789,rotate_orient,constrained,group_8897865a1a25f2e0,structural-v1
1790,place_relative,simple,group_dbcb785f4734781e,structural-v1
1791,place_relative,simple,group_dbcb785f4734781e,structural-v1
1792,place_relative,simple,group_dbcb785f4734781e,structural-v1
1793,place_relative,compound,group_dbcb785f4734781e,structural-v1
1794,place_relative,compound,group_dbcb785f4734781e,structural-v1
1795,rotate_orient,constrained,group_dbcb785f4734781e,structural-v1
1796,place_relative,simple,group_04d9f231e600150d,structural-v1
1797,place_relative,simple,group_04d9f231e600150d,structural-v1
1798,place_relative,simple,group_04d9f231e600150d,structural-v1
1799,place_relative,compound,group_04d9f231e600150d,structural-v1
1800,place_relative,compound,group_04d9f231e600150d,structural-v1
1801,rotate_orient,constrained,group_04d9f231e600150d,structural-v1
1802,place_relative,simple,group_9e57ef7b109123e2,structural-v1
1803,place_relative,simple,group_9e57ef7b109123e2,structural-v1
1804,place_relative,simple,group_9e57ef7b109123e2,structural-v1
1805,rotate_orient,constrained,group_9e57ef7b109123e2,structural-v1
1806,rotate_orient,constrained,group_9e57ef7b109123e2,structural-v1
1807,rotate_orient,constrained,group_9e57ef7b109123e2,structural-v1
1808,insert_contain,constrained,group_d0be8ec27287e891,structural-v1
1809,insert_contain,constrained,group_d0be8ec27287e891,structural-v1
1810,insert_contain,constrained,group_d0be8ec27287e891,structural-v1
1811,place_relative,compound,group_d0be8ec27287e891,structural-v1
1812,place_relative,compound,group_d0be8ec27287e891,structural-v1
1813,rotate_orient,constrained,group_d0be8ec27287e891,structural-v1
1814,insert_contain,constrained,group_aaf5b23ed01a8492,structural-v1
1815,insert_contain,constrained,group_aaf5b23ed01a8492,structural-v1
1816,insert_contain,constrained,group_aaf5b23ed01a8492,structural-v1
1817,place_relative,simple,group_aaf5b23ed01a8492,structural-v1
1818,place_relative,simple,group_aaf5b23ed01a8492,structural-v1
1819,rotate_orient,constrained,group_aaf5b23ed01a8492,structural-v1
1832,place_relative,simple,group_0496a75ceef4f0c3,structural-v1
1833,place_relative,simple,group_0496a75ceef4f0c3,structural-v1
1834,place_relative,simple,group_0496a75ceef4f0c3,structural-v1
1835,place_relative,compound,group_0496a75ceef4f0c3,structural-v1
1836,place_relative,compound,group_0496a75ceef4f0c3,structural-v1
1837,rotate_orient,constrained,group_0496a75ceef4f0c3,structural-v1
1838,place_relative,simple,group_d6525f2b6d94caa0,structural-v1
1839,place_relative,simple,group_d6525f2b6d94caa0,structural-v1
1840,place_relative,simple,group_d6525f2b6d94caa0,structural-v1
1841,place_relative,simple,group_d6525f2b6d94caa0,structural-v1
1842,place_relative,simple,group_d6525f2b6d94caa0,structural-v1
1843,rotate_orient,constrained,group_d6525f2b6d94caa0,structural-v1
1844,place_relative,simple,group_23f6d86cca31ff0c,structural-v1
1845,place_relative,simple,group_23f6d86cca31ff0c,structural-v1
1846,place_relative,simple,group_23f6d86cca31ff0c,structural-v1
1847,place_relative,simple,group_23f6d86cca31ff0c,structural-v1
1848,place_relative,simple,group_23f6d86cca31ff0c,structural-v1
1850,insert_contain,constrained,group_b439d5f74f011132,structural-v1
1851,insert_contain,constrained,group_b439d5f74f011132,structural-v1
1852,insert_contain,constrained,group_b439d5f74f011132,structural-v1
1853,place_relative,compound,group_b439d5f74f011132,structural-v1
1854,place_relative,compound,group_b439d5f74f011132,structural-v1
1856,place_relative,simple,group_cc286cec86222242,structural-v1
1857,place_relative,simple,group_cc286cec86222242,structural-v1
1858,place_relative,simple,group_cc286cec86222242,structural-v1
1859,place_relative,compound,group_cc286cec86222242,structural-v1
1860,place_relative,compound,group_cc286cec86222242,structural-v1
1861,rotate_orient,constrained,group_cc286cec86222242,structural-v1
1862,place_relative,simple,group_a9a332261e5a3845,structural-v1
1863,place_relative,simple,group_a9a332261e5a3845,structural-v1
1864,place_relative,simple,group_a9a332261e5a3845,structural-v1
1865,place_relative,simple,group_a9a332261e5a3845,structural-v1
1866,place_relative,simple,group_a9a332261e5a3845,structural-v1
1867,rotate_orient,constrained,group_a9a332261e5a3845,structural-v1
1868,place_relative,simple,group_be9ab9ae12f81337,structural-v1
1869,place_relative,simple,group_be9ab9ae12f81337,structural-v1
1870,place_relative,simple,group_be9ab9ae12f81337,structural-v1
1871,place_relative,compound,group_be9ab9ae12f81337,structural-v1
1872,place_relative,compound,group_be9ab9ae12f81337,structural-v1
1874,place_relative,simple,group_e4b0a893313e86a4,structural-v1
1875,place_relative,simple,group_e4b0a893313e86a4,structural-v1
1876,place_relative,simple,group_e4b0a893313e86a4,structural-v1
1877,place_relative,compound,group_e4b0a893313e86a4,structural-v1
1878,place_relative,compound,group_e4b0a893313e86a4,structural-v1
1879,rotate_orient,constrained,group_e4b0a893313e86a4,structural-v1
1881,place_relative,simple,group_2babe742287b0d87,structural-v1
1882,place_relative,simple,group_2babe742287b0d87,structural-v1
1883,place_relative,simple,group_2babe742287b0d87,structural-v1
1884,place_relative,simple,group_2babe742287b0d87,structural-v1
1885,place_relative,simple,group_2babe742287b0d87,structural-v1
1886,rotate_orient,constrained,group_2babe742287b0d87,structural-v1
1887,place_relative,simple,group_7c1482887b3d7df7,structural-v1
1888,place_relative,simple,group_7c1482887b3d7df7,structural-v1
1889,place_relative,compound,group_7c1482887b3d7df7,structural-v1
1890,place_relative,simple,group_7c1482887b3d7df7,structural-v1
1891,place_relative,compound,group_7c1482887b3d7df7,structural-v1
1892,rotate_orient,constrained,group_7c1482887b3d7df7,structural-v1
1893,place_relative,simple,group_58a3576acd5658b1,structural-v1
1894,place_relative,simple,group_58a3576acd5658b1,structural-v1
1895,place_relative,simple,group_58a3576acd5658b1,structural-v1
1896,place_relative,simple,group_58a3576acd5658b1,structural-v1
1897,place_relative,simple,group_58a3576acd5658b1,structural-v1
1898,rotate_orient,constrained,group_58a3576acd5658b1,structural-v1
1899,place_relative,simple,group_166ae96f092d5a9c,structural-v1
1900,place_relative,simple,group_166ae96f092d5a9c,structural-v1
1901,place_relative,simple,group_166ae96f092d5a9c,structural-v1
1902,rotate_orient,constrained,group_166ae96f092d5a9c,structural-v1
1903,rotate_orient,constrained,group_166ae96f092d5a9c,structural-v1
1904,rotate_orient,constrained,group_166ae96f092d5a9c,structural-v1
1908,place_relative,simple,group_d9e60b6b356f3860,structural-v1
1909,place_relative,simple,group_d9e60b6b356f3860,structural-v1
1910,place_relative,simple,group_d9e60b6b356f3860,structural-v1
1911,rotate_orient,constrained,group_d9e60b6b356f3860,structural-v1
1912,rotate_orient,constrained,group_d9e60b6b356f3860,structural-v1
1913,rotate_orient,constrained,group_d9e60b6b356f3860,structural-v1
1914,place_relative,simple,group_b9a6ebca09eb14b3,structural-v1
1915,place_relative,simple,group_b9a6ebca09eb14b3,structural-v1
1916,place_relative,simple,group_b9a6ebca09eb14b3,structural-v1
1917,place_relative,compound,group_b9a6ebca09eb14b3,structural-v1
1918,place_relative,compound,group_b9a6ebca09eb14b3,structural-v1
1919,rotate_orient,constrained,group_b9a6ebca09eb14b3,structural-v1
1920,place_relative,simple,group_38b188020e8a8dd2,structural-v1
1921,place_relative,simple,group_38b188020e8a8dd2,structural-v1
1922,place_relative,simple,group_38b188020e8a8dd2,structural-v1
1923,place_relative,compound,group_38b188020e8a8dd2,structural-v1
1924,rotate_orient,constrained,group_38b188020e8a8dd2,structural-v1
1925,rotate_orient,constrained,group_38b188020e8a8dd2,structural-v1
1928,place_relative,simple,group_0174302151fb08f9,structural-v1
1929,insert_contain,constrained,group_0174302151fb08f9,structural-v1
1930,insert_contain,constrained,group_0174302151fb08f9,structural-v1
1931,place_relative,simple,group_0174302151fb08f9,structural-v1
1932,rotate_orient,constrained,group_0174302151fb08f9,structural-v1
1933,insert_contain,compound,group_be38f2e7d77432ae,structural-v1
1934,insert_contain,compound,group_be38f2e7d77432ae,structural-v1
1935,insert_contain,compound,group_be38f2e7d77432ae,structural-v1
1936,rotate_orient,constrained,group_be38f2e7d77432ae,structural-v1
1937,rotate_orient,constrained,group_be38f2e7d77432ae,structural-v1
1938,rotate_orient,constrained,group_be38f2e7d77432ae,structural-v1
1945,place_relative,simple,group_c18d3dbb680bad0c,structural-v1
1946,place_relative,simple,group_c18d3dbb680bad0c,structural-v1
1947,place_relative,simple,group_c18d3dbb680bad0c,structural-v1
1948,place_relative,compound,group_c18d3dbb680bad0c,structural-v1
1949,place_relative,compound,group_c18d3dbb680bad0c,structural-v1
1950,rotate_orient,constrained,group_c18d3dbb680bad0c,structural-v1
1953,place_relative,simple,group_b9d87318e182221f,structural-v1
1954,place_relative,simple,group_b9d87318e182221f,structural-v1
1955,place_relative,simple,group_b9d87318e182221f,structural-v1
1956,place_relative,compound,group_b9d87318e182221f,structural-v1
1957,place_relative,compound,group_b9d87318e182221f,structural-v1
1958,rotate_orient,constrained,group_b9d87318e182221f,structural-v1
1959,place_relative,simple,group_70d491a388a375fa,structural-v1
1960,place_relative,simple,group_70d491a388a375fa,structural-v1
1961,place_relative,simple,group_70d491a388a375fa,structural-v1
1962,place_relative,compound,group_70d491a388a375fa,structural-v1
1963,place_relative,compound,group_70d491a388a375fa,structural-v1
1964,rotate_orient,constrained,group_70d491a388a375fa,structural-v1
1965,place_relative,simple,group_f62211bd5b63697d,structural-v1
1966,place_relative,simple,group_f62211bd5b63697d,structural-v1
1967,place_relative,simple,group_f62211bd5b63697d,structural-v1
1968,place_relative,compound,group_f62211bd5b63697d,structural-v1
1969,place_relative,compound,group_f62211bd5b63697d,structural-v1
1970,rotate_orient,constrained,group_f62211bd5b63697d,structural-v1
1971,place_relative,simple,group_68596909d8746982,structural-v1
1972,place_relative,simple,group_68596909d8746982,structural-v1
1973,place_relative,simple,group_68596909d8746982,structural-v1
1974,place_relative,compound,group_68596909d8746982,structural-v1
1975,place_relative,compound,group_68596909d8746982,structural-v1
1976,rotate_orient,constrained,group_68596909d8746982,structural-v1
1977,place_relative,simple,group_3ed33f0bf6aee930,structural-v1
1978,place_relative,simple,group_3ed33f0bf6aee930,structural-v1
1979,place_relative,simple,group_3ed33f0bf6aee930,structural-v1
1980,place_relative,compound,group_3ed33f0bf6aee930,structural-v1
1981,rotate_orient,constrained,group_3ed33f0bf6aee930,structural-v1
1982,rotate_orient,constrained,group_3ed33f0bf6aee930,structural-v1
1983,place_relative,simple,group_afaa53c28d3a062f,structural-v1
1984,place_relative,simple,group_afaa53c28d3a062f,structural-v1
1985,place_relative,simple,group_afaa53c28d3a062f,structural-v1
1986,rotate_orient,constrained,group_afaa53c28d3a062f,structural-v1
1987,rotate_orient,constrained,group_afaa53c28d3a062f,structural-v1
1988,rotate_orient,constrained,group_afaa53c28d3a062f,structural-v1
1993,insert_contain,constrained,group_b278e760751404d3,structural-v1
1994,insert_contain,constrained,group_b278e760751404d3,structural-v1
1995,insert_contain,constrained,group_b278e760751404d3,structural-v1
1997,place_relative,compound,group_b278e760751404d3,structural-v1
1998,rotate_orient,constrained,group_b278e760751404d3,structural-v1
1999,place_relative,simple,group_9c174d2998e06895,structural-v1
2000,place_relative,simple,group_9c174d2998e06895,structural-v1
2001,place_relative,simple,group_9c174d2998e06895,structural-v1
2002,place_relative,compound,group_9c174d2998e06895,structural-v1
2003,place_relative,compound,group_9c174d2998e06895,structural-v1
2004,rotate_orient,constrained,group_9c174d2998e06895,structural-v1
2005,place_relative,simple,group_e98b63cebd2d51c8,structural-v1
2006,place_relative,simple,group_e98b63cebd2d51c8,structural-v1
2007,place_relative,simple,group_e98b63cebd2d51c8,structural-v1
2008,place_relative,compound,group_e98b63cebd2d51c8,structural-v1
2009,rotate_orient,constrained,group_e98b63cebd2d51c8,structural-v1
2010,rotate_orient,constrained,group_e98b63cebd2d51c8,structural-v1
2011,insert_contain,constrained,group_52f8a846463bb2df,structural-v1
2012,insert_contain,constrained,group_52f8a846463bb2df,structural-v1
2013,place_relative,simple,group_52f8a846463bb2df,structural-v1
2014,place_relative,simple,group_52f8a846463bb2df,structural-v1
2015,place_relative,compound,group_52f8a846463bb2df,structural-v1
2016,place_relative,compound,group_52f8a846463bb2df,structural-v1
2023,insert_contain,constrained,group_358f806cb35b28c3,structural-v1
2024,insert_contain,constrained,group_358f806cb35b28c3,structural-v1
2025,insert_contain,constrained,group_358f806cb35b28c3,structural-v1
2026,place_relative,simple,group_358f806cb35b28c3,structural-v1
2027,place_relative,simple,group_358f806cb35b28c3,structural-v1
2028,place_relative,compound,group_358f806cb35b28c3,structural-v1
2034,insert_contain,constrained,group_595b98a3c32ccf67,structural-v1
2035,insert_contain,constrained,group_595b98a3c32ccf67,structural-v1
2036,insert_contain,constrained,group_595b98a3c32ccf67,structural-v1
2037,place_relative,compound,group_595b98a3c32ccf67,structural-v1
2038,place_relative,compound,group_595b98a3c32ccf67,structural-v1
2039,rotate_orient,constrained,group_595b98a3c32ccf67,structural-v1
2088,insert_contain,constrained,group_d0be8ec27287e891,structural-v1
2089,insert_contain,constrained,group_d0be8ec27287e891,structural-v1
2090,place_relative,compound,group_d0be8ec27287e891,structural-v1
2091,place_relative,compound,group_d0be8ec27287e891,structural-v1
2092,insert_contain,constrained,group_aaf5b23ed01a8492,structural-v1
2093,insert_contain,constrained,group_aaf5b23ed01a8492,structural-v1
2094,rotate_orient,constrained,group_d6525f2b6d94caa0,structural-v1
2095,place_relative,simple,group_23f6d86cca31ff0c,structural-v1
2096,place_relative,simple,group_23f6d86cca31ff0c,structural-v1
2097,place_relative,simple,group_23f6d86cca31ff0c,structural-v1
2098,rotate_orient,constrained,group_0174302151fb08f9,structural-v1
2099,rotate_orient,constrained,group_be38f2e7d77432ae,structural-v1
2142,place_relative,simple,group_ee5c0518aeeb6104,structural-v1
2143,place_relative,simple,group_ee5c0518aeeb6104,structural-v1
2144,place_relative,simple,group_ee5c0518aeeb6104,structural-v1
2145,place_relative,compound,group_ee5c0518aeeb6104,structural-v1
2146,place_relative,compound,group_ee5c0518aeeb6104,structural-v1
2147,rotate_orient,constrained,group_ee5c0518aeeb6104,structural-v1
2163,place_relative,simple,group_70a0cb8a18e97ab0,structural-v1
2164,place_relative,simple,group_70a0cb8a18e97ab0,structural-v1
2165,place_relative,simple,group_70a0cb8a18e97ab0,structural-v1
2166,rotate_orient,constrained,group_70a0cb8a18e97ab0,structural-v1
2167,rotate_orient,constrained,group_70a0cb8a18e97ab0,structural-v1
2168,rotate_orient,constrained,group_70a0cb8a18e97ab0,structural-v1
2169,place_relative,simple,group_92bc5b4a66e8fec7,structural-v1
2170,place_relative,simple,group_92bc5b4a66e8fec7,structural-v1
2171,place_relative,simple,group_92bc5b4a66e8fec7,structural-v1
2173,place_relative,compound,group_92bc5b4a66e8fec7,structural-v1
2174,rotate_orient,constrained,group_92bc5b4a66e8fec7,structural-v1
2205,place_relative,simple,group_68596909d8746982,structural-v1
2206,place_relative,simple,group_68596909d8746982,structural-v1
2207,place_relative,simple,group_68596909d8746982,structural-v1
2208,rotate_orient,constrained,group_f62211bd5b63697d,structural-v1
2209,place_relative,compound,group_f62211bd5b63697d,structural-v1
2210,place_relative,compound,group_f62211bd5b63697d,structural-v1
2211,place_relative,simple,group_f62211bd5b63697d,structural-v1
2212,place_relative,simple,group_f62211bd5b63697d,structural-v1
2213,place_relative,simple,group_f62211bd5b63697d,structural-v1
2214,rotate_orient,constrained,group_70d491a388a375fa,structural-v1
2215,place_relative,compound,group_70d491a388a375fa,structural-v1
2216,place_relative,compound,group_70d491a388a375fa,structural-v1
2217,place_relative,simple,group_70d491a388a375fa,structural-v1
2218,place_relative,simple,group_70d491a388a375fa,structural-v1
2219,place_relative,simple,group_70d491a388a375fa,structural-v1
2220,rotate_orient,constrained,group_b9d87318e182221f,structural-v1
2221,place_relative,compound,group_b9d87318e182221f,structural-v1
2222,place_relative,compound,group_b9d87318e182221f,structural-v1
2223,place_relative,simple,group_b9d87318e182221f,structural-v1
2224,place_relative,simple,group_b9d87318e182221f,structural-v1
2225,place_relative,simple,group_b9d87318e182221f,structural-v1
2226,rotate_orient,constrained,group_c18d3dbb680bad0c,structural-v1
2227,place_relative,compound,group_c18d3dbb680bad0c,structural-v1
2228,insert_contain,constrained,group_d0be8ec27287e891,structural-v1
2229,rotate_orient,constrained,group_9e57ef7b109123e2,structural-v1
2230,rotate_orient,constrained,group_dbcb785f4734781e,structural-v1
2231,place_relative,compound,group_dbcb785f4734781e,structural-v1
2232,place_relative,compound,group_dbcb785f4734781e,structural-v1
2233,place_relative,simple,group_dbcb785f4734781e,structural-v1
2234,place_relative,simple,group_dbcb785f4734781e,structural-v1
2235,place_relative,simple,group_dbcb785f4734781e,structural-v1
2236,rotate_orient,constrained,group_8897865a1a25f2e0,structural-v1
2237,place_relative,compound,group_8897865a1a25f2e0,structural-v1
2238,place_relative,compound,group_8897865a1a25f2e0,structural-v1
2239,place_relative,simple,group_8897865a1a25f2e0,structural-v1
2240,place_relative,compound,group_691a4d982eb72ca9,structural-v1
2241,place_relative,simple,group_691a4d982eb72ca9,structural-v1
2242,place_relative,simple,group_691a4d982eb72ca9,structural-v1
2243,place_relative,simple,group_691a4d982eb72ca9,structural-v1
2244,rotate_orient,constrained,group_4ee3835543a2860c,structural-v1
2245,place_relative,compound,group_4ee3835543a2860c,structural-v1
2246,place_relative,simple,group_4ee3835543a2860c,structural-v1
2247,place_relative,simple,group_4ee3835543a2860c,structural-v1
2248,place_relative,simple,group_744836e47a2528d1,structural-v1
2249,place_relative,simple,group_744836e47a2528d1,structural-v1
2250,place_relative,simple,group_744836e47a2528d1,structural-v1
2251,rotate_orient,constrained,group_f539c85c9d558888,structural-v1
2252,place_relative,simple,group_f539c85c9d558888,structural-v1
2253,place_relative,simple,group_f539c85c9d558888,structural-v1
2254,place_relative,simple,group_f539c85c9d558888,structural-v1
2255,place_relative,simple,group_f539c85c9d558888,structural-v1
2256,rotate_orient,constrained,group_8396a0edcc89d5c5,structural-v1
2257,place_relative,simple,group_8396a0edcc89d5c5,structural-v1
2258,place_relative,simple,group_8396a0edcc89d5c5,structural-v1
2259,rotate_orient,constrained,group_427b25bca916fa88,structural-v1
2260,place_relative,compound,group_56f0fc20a92470bb,structural-v1
2261,place_relative,compound,group_56f0fc20a92470bb,structural-v1
2262,insert_contain,constrained,group_56f0fc20a92470bb,structural-v1
2263,insert_contain,constrained,group_56f0fc20a92470bb,structural-v1
2264,insert_contain,constrained,group_56f0fc20a92470bb,structural-v1
2265,rotate_orient,constrained,group_1a35621a135b783b,structural-v1
2266,place_relative,compound,group_1a35621a135b783b,structural-v1
2267,place_relative,compound,group_1a35621a135b783b,structural-v1
2268,place_relative,simple,group_1a35621a135b783b,structural-v1
2269,place_relative,simple,group_1a35621a135b783b,structural-v1
2270,place_relative,simple,group_1a35621a135b783b,structural-v1
2271,rotate_orient,constrained,group_13657df93810b39e,structural-v1
2272,place_relative,simple,group_13657df93810b39e,structural-v1
2273,rotate_orient,constrained,group_b804861961b09262,structural-v1
2274,place_relative,compound,group_b804861961b09262,structural-v1
2275,place_relative,compound,group_b804861961b09262,structural-v1
2278,insert_contain,constrained,group_b804861961b09262,structural-v1
2279,rotate_orient,constrained,group_191fc260d9823e10,structural-v1
2280,place_relative,compound,group_191fc260d9823e10,structural-v1
2282,place_relative,simple,group_191fc260d9823e10,structural-v1
2284,rotate_orient,constrained,group_8b1d2e3f37b1e6c1,structural-v1
2285,place_relative,simple,group_8b1d2e3f37b1e6c1,structural-v1
2286,place_relative,simple,group_8b1d2e3f37b1e6c1,structural-v1
2287,place_relative,simple,group_8b1d2e3f37b1e6c1,structural-v1
2288,rotate_orient,constrained,group_37dc88be1108a2a4,structural-v1
2289,rotate_orient,constrained,group_37dc88be1108a2a4,structural-v1
2290,place_relative,compound,group_37dc88be1108a2a4,structural-v1
2291,place_relative,simple,group_37dc88be1108a2a4,structural-v1
2292,place_relative,simple,group_37dc88be1108a2a4,structural-v1
2293,place_relative,simple,group_37dc88be1108a2a4,structural-v1
2294,rotate_orient,constrained,group_147df926fcb0f6c5,structural-v1
2295,rotate_orient,constrained,group_147df926fcb0f6c5,structural-v1
2296,rotate_orient,constrained,group_147df926fcb0f6c5,structural-v1
2297,place_relative,simple,group_147df926fcb0f6c5,structural-v1
2298,place_relative,simple,group_147df926fcb0f6c5,structural-v1
2299,place_relative,simple,group_147df926fcb0f6c5,structural-v1
2300,place_relative,simple,group_3744651c3a679b72,structural-v1
2301,place_relative,simple,group_3744651c3a679b72,structural-v1
2302,place_relative,simple,group_3744651c3a679b72,structural-v1
2303,place_relative,simple,group_3744651c3a679b72,structural-v1
2306,insert_contain,constrained,group_7aaa163c7ea4af36,structural-v1
2307,insert_contain,constrained,group_7aaa163c7ea4af36,structural-v1
2308,insert_contain,constrained,group_7aaa163c7ea4af36,structural-v1
2309,place_relative,compound,group_7aaa163c7ea4af36,structural-v1
2310,place_relative,compound,group_7aaa163c7ea4af36,structural-v1
2311,rotate_orient,constrained,group_7aaa163c7ea4af36,structural-v1
2312,place_relative,simple,group_8a557e0ca65ed5ed,structural-v1
2313,place_relative,simple,group_8a557e0ca65ed5ed,structural-v1
2314,place_relative,simple,group_8a557e0ca65ed5ed,structural-v1
2330,place_relative,simple,group_1885e3fa4b641b16,structural-v1
2331,place_relative,simple,group_1885e3fa4b641b16,structural-v1
2332,place_relative,simple,group_1885e3fa4b641b16,structural-v1
2334,rotate_orient,constrained,group_1885e3fa4b641b16,structural-v1
2335,rotate_orient,constrained,group_1885e3fa4b641b16,structural-v1
2336,place_relative,simple,group_fc58046ad4989d13,structural-v1
2338,place_relative,simple,group_fc58046ad4989d13,structural-v1
2339,rotate_orient,constrained,group_fc58046ad4989d13,structural-v1
2341,rotate_orient,constrained,group_fc58046ad4989d13,structural-v1
2344,place_relative,simple,group_a6e56369a43a5684,structural-v1
2345,place_relative,compound,group_a6e56369a43a5684,structural-v1
2346,place_relative,compound,group_a6e56369a43a5684,structural-v1
2347,rotate_orient,constrained,group_a6e56369a43a5684,structural-v1
2348,place_relative,simple,group_b22e1e9bcbdfd0ab,structural-v1
2349,place_relative,simple,group_b22e1e9bcbdfd0ab,structural-v1
2350,place_relative,simple,group_b22e1e9bcbdfd0ab,structural-v1
2351,place_relative,compound,group_b22e1e9bcbdfd0ab,structural-v1
2352,place_relative,compound,group_b22e1e9bcbdfd0ab,structural-v1
2353,rotate_orient,constrained,group_b22e1e9bcbdfd0ab,structural-v1
2354,place_relative,simple,group_68a3db1ddc489bca,structural-v1
2355,place_relative,simple,group_68a3db1ddc489bca,structural-v1
2356,place_relative,simple,group_68a3db1ddc489bca,structural-v1
2357,rotate_orient,constrained,group_68a3db1ddc489bca,structural-v1
2358,rotate_orient,constrained,group_68a3db1ddc489bca,structural-v1
2359,rotate_orient,constrained,group_68a3db1ddc489bca,structural-v1
2660,insert_contain,constrained,group_358f806cb35b28c3,structural-v1
2661,insert_contain,constrained,group_358f806cb35b28c3,structural-v1
2662,place_relative,simple,group_70a0cb8a18e97ab0,structural-v1
